,mean_fit_time,std_fit_time,mean_score_time,std_score_time,param_criterion,param_max_depth,param_min_samples_leaf,param_min_samples_split,params,split0_test_score,split1_test_score,mean_test_score,std_test_score,rank_test_score
0,0.0024933815002441406,0.0004968643188476562,0.0009981393814086914,2.0265579223632812e-06,gini,3,7,6,"{'criterion': 'gini', 'max_depth': 3, 'min_samples_leaf': 7, 'min_samples_split': 6}",0.7352941176470589,0.7524752475247525,0.7438846825859057,0.0085905649388468,8
1,0.000997304916381836,7.152557373046875e-07,0.0009992122650146484,2.384185791015625e-06,gini,3,7,10,"{'criterion': 'gini', 'max_depth': 3, 'min_samples_leaf': 7, 'min_samples_split': 10}",0.7352941176470589,0.7524752475247525,0.7438846825859057,0.0085905649388468,8
2,0.0014955997467041016,0.0004992485046386719,0.0009975433349609375,2.384185791015625e-07,gini,3,7,14,"{'criterion': 'gini', 'max_depth': 3, 'min_samples_leaf': 7, 'min_samples_split': 14}",0.7352941176470589,0.7524752475247525,0.7438846825859057,0.0085905649388468,8
3,0.0014969110488891602,0.0005000829696655273,0.0009965896606445312,2.384185791015625e-07,gini,3,7,15,"{'criterion': 'gini', 'max_depth': 3, 'min_samples_leaf': 7, 'min_samples_split': 15}",0.7352941176470589,0.7524752475247525,0.7438846825859057,0.0085905649388468,8
4,0.0014945268630981445,0.0004974603652954102,0.0014973878860473633,0.0005000829696655273,gini,3,7,20,"{'criterion': 'gini', 'max_depth': 3, 'min_samples_leaf': 7, 'min_samples_split': 20}",0.7450980392156863,0.7524752475247525,0.7487866433702194,0.0036886041545330928,1
5,0.001995086669921875,7.152557373046875e-07,0.0009969472885131836,5.960464477539062e-07,gini,3,11,6,"{'criterion': 'gini', 'max_depth': 3, 'min_samples_leaf': 11, 'min_samples_split': 6}",0.7450980392156863,0.6336633663366337,0.68938070277616,0.05571733643952631,61
6,0.0014960765838623047,0.0004985332489013672,0.000998377799987793,1.3113021850585938e-06,gini,3,11,10,"{'criterion': 'gini', 'max_depth': 3, 'min_samples_leaf': 11, 'min_samples_split': 10}",0.7450980392156863,0.6336633663366337,0.68938070277616,0.05571733643952631,61
7,0.001995682716369629,3.5762786865234375e-07,0.0009964704513549805,3.5762786865234375e-07,gini,3,11,14,"{'criterion': 'gini', 'max_depth': 3, 'min_samples_leaf': 11, 'min_samples_split': 14}",0.7450980392156863,0.6336633663366337,0.68938070277616,0.05571733643952631,61
8,0.0014966726303100586,0.0004996061325073242,0.0009968280792236328,7.152557373046875e-07,gini,3,11,15,"{'criterion': 'gini', 'max_depth': 3, 'min_samples_leaf': 11, 'min_samples_split': 15}",0.7450980392156863,0.6336633663366337,0.68938070277616,0.05571733643952631,61
9,0.001495957374572754,0.0004991292953491211,0.0009980201721191406,7.152557373046875e-07,gini,3,11,20,"{'criterion': 'gini', 'max_depth': 3, 'min_samples_leaf': 11, 'min_samples_split': 20}",0.7450980392156863,0.6336633663366337,0.68938070277616,0.05571733643952631,61
10,0.0019943714141845703,2.384185791015625e-07,0.0009968280792236328,4.76837158203125e-07,gini,3,15,6,"{'criterion': 'gini', 'max_depth': 3, 'min_samples_leaf': 15, 'min_samples_split': 6}",0.7450980392156863,0.6336633663366337,0.68938070277616,0.05571733643952631,61
11,0.002495288848876953,0.0005004405975341797,0.0009955167770385742,1.0728836059570312e-06,gini,3,15,10,"{'criterion': 'gini', 'max_depth': 3, 'min_samples_leaf': 15, 'min_samples_split': 10}",0.7450980392156863,0.6336633663366337,0.68938070277616,0.05571733643952631,61
12,0.001994490623474121,1.1920928955078125e-07,0.000997304916381836,2.384185791015625e-07,gini,3,15,14,"{'criterion': 'gini', 'max_depth': 3, 'min_samples_leaf': 15, 'min_samples_split': 14}",0.7450980392156863,0.6336633663366337,0.68938070277616,0.05571733643952631,61
13,0.0014965534210205078,0.0005006790161132812,0.0014957189559936523,0.0004988908767700195,gini,3,15,15,"{'criterion': 'gini', 'max_depth': 3, 'min_samples_leaf': 15, 'min_samples_split': 15}",0.7450980392156863,0.6336633663366337,0.68938070277616,0.05571733643952631,61
14,0.0009974241256713867,5.960464477539062e-07,0.0009970664978027344,4.76837158203125e-07,gini,3,15,20,"{'criterion': 'gini', 'max_depth': 3, 'min_samples_leaf': 15, 'min_samples_split': 20}",0.7450980392156863,0.6336633663366337,0.68938070277616,0.05571733643952631,61
15,0.001000523567199707,2.9802322387695312e-06,0.0009944438934326172,2.86102294921875e-06,gini,3,20,6,"{'criterion': 'gini', 'max_depth': 3, 'min_samples_leaf': 20, 'min_samples_split': 6}",0.7156862745098039,0.6336633663366337,0.6746748204232188,0.04101145408658513,156
16,0.0014961957931518555,0.0004988908767700195,0.000998377799987793,1.0728836059570312e-06,gini,3,20,10,"{'criterion': 'gini', 'max_depth': 3, 'min_samples_leaf': 20, 'min_samples_split': 10}",0.7156862745098039,0.6336633663366337,0.6746748204232188,0.04101145408658513,156
17,0.0019941329956054688,1.1920928955078125e-06,0.0009968280792236328,0.0,gini,3,20,14,"{'criterion': 'gini', 'max_depth': 3, 'min_samples_leaf': 20, 'min_samples_split': 14}",0.7156862745098039,0.6336633663366337,0.6746748204232188,0.04101145408658513,156
18,0.0014958381652832031,0.0004982948303222656,0.000498652458190918,0.000498652458190918,gini,3,20,15,"{'criterion': 'gini', 'max_depth': 3, 'min_samples_leaf': 20, 'min_samples_split': 15}",0.7156862745098039,0.6336633663366337,0.6746748204232188,0.04101145408658513,156
19,0.0009971857070922852,1.1920928955078125e-07,0.0009987354278564453,1.430511474609375e-06,gini,3,20,20,"{'criterion': 'gini', 'max_depth': 3, 'min_samples_leaf': 20, 'min_samples_split': 20}",0.7156862745098039,0.6336633663366337,0.6746748204232188,0.04101145408658513,156
20,0.001997232437133789,2.86102294921875e-06,0.0009951591491699219,2.86102294921875e-06,gini,3,25,6,"{'criterion': 'gini', 'max_depth': 3, 'min_samples_leaf': 25, 'min_samples_split': 6}",0.7156862745098039,0.6336633663366337,0.6746748204232188,0.04101145408658513,156
21,0.000997781753540039,2.384185791015625e-07,0.0014957189559936523,0.0004991292953491211,gini,3,25,10,"{'criterion': 'gini', 'max_depth': 3, 'min_samples_leaf': 25, 'min_samples_split': 10}",0.7156862745098039,0.6336633663366337,0.6746748204232188,0.04101145408658513,156
22,0.0019942522048950195,1.1920928955078125e-07,0.000997781753540039,2.384185791015625e-07,gini,3,25,14,"{'criterion': 'gini', 'max_depth': 3, 'min_samples_leaf': 25, 'min_samples_split': 14}",0.7156862745098039,0.6336633663366337,0.6746748204232188,0.04101145408658513,156
23,0.001994609832763672,7.152557373046875e-07,0.0009979009628295898,8.344650268554688e-07,gini,3,25,15,"{'criterion': 'gini', 'max_depth': 3, 'min_samples_leaf': 25, 'min_samples_split': 15}",0.7156862745098039,0.6336633663366337,0.6746748204232188,0.04101145408658513,156
24,0.001993417739868164,7.152557373046875e-07,0.0009979009628295898,1.1920928955078125e-07,gini,3,25,20,"{'criterion': 'gini', 'max_depth': 3, 'min_samples_leaf': 25, 'min_samples_split': 20}",0.7156862745098039,0.6336633663366337,0.6746748204232188,0.04101145408658513,156
25,0.0014976263046264648,0.000500798225402832,0.000995635986328125,1.430511474609375e-06,gini,5,7,6,"{'criterion': 'gini', 'max_depth': 5, 'min_samples_leaf': 7, 'min_samples_split': 6}",0.7352941176470589,0.7524752475247525,0.7438846825859057,0.0085905649388468,8
26,0.0014965534210205078,0.0004994869232177734,0.0009971857070922852,5.960464477539062e-07,gini,5,7,10,"{'criterion': 'gini', 'max_depth': 5, 'min_samples_leaf': 7, 'min_samples_split': 10}",0.7352941176470589,0.7524752475247525,0.7438846825859057,0.0085905649388468,8
27,0.0019949674606323242,3.5762786865234375e-07,0.0009971857070922852,3.5762786865234375e-07,gini,5,7,14,"{'criterion': 'gini', 'max_depth': 5, 'min_samples_leaf': 7, 'min_samples_split': 14}",0.7352941176470589,0.7524752475247525,0.7438846825859057,0.0085905649388468,8
28,0.001995682716369629,1.5497207641601562e-06,0.0014951229095458984,0.0004975795745849609,gini,5,7,15,"{'criterion': 'gini', 'max_depth': 5, 'min_samples_leaf': 7, 'min_samples_split': 15}",0.7352941176470589,0.7524752475247525,0.7438846825859057,0.0085905649388468,8
29,0.0019974708557128906,3.0994415283203125e-06,0.0009958744049072266,9.5367431640625e-07,gini,5,7,20,"{'criterion': 'gini', 'max_depth': 5, 'min_samples_leaf': 7, 'min_samples_split': 20}",0.7450980392156863,0.7524752475247525,0.7487866433702194,0.0036886041545330928,1
30,0.0014955997467041016,0.0004978179931640625,0.000997304916381836,2.384185791015625e-07,gini,5,11,6,"{'criterion': 'gini', 'max_depth': 5, 'min_samples_leaf': 11, 'min_samples_split': 6}",0.7450980392156863,0.6336633663366337,0.68938070277616,0.05571733643952631,61
31,0.0019916296005249023,2.7418136596679688e-06,0.0010008811950683594,4.291534423828125e-06,gini,5,11,10,"{'criterion': 'gini', 'max_depth': 5, 'min_samples_leaf': 11, 'min_samples_split': 10}",0.7450980392156863,0.6336633663366337,0.68938070277616,0.05571733643952631,61
32,0.0014948844909667969,0.0004978179931640625,0.0014966726303100586,0.0004988908767700195,gini,5,11,14,"{'criterion': 'gini', 'max_depth': 5, 'min_samples_leaf': 11, 'min_samples_split': 14}",0.7450980392156863,0.6336633663366337,0.68938070277616,0.05571733643952631,61
33,0.0009968280792236328,4.76837158203125e-07,0.000997304916381836,2.384185791015625e-07,gini,5,11,15,"{'criterion': 'gini', 'max_depth': 5, 'min_samples_leaf': 11, 'min_samples_split': 15}",0.7450980392156863,0.6336633663366337,0.68938070277616,0.05571733643952631,61
34,0.0019937753677368164,3.5762786865234375e-07,0.0009979009628295898,1.1920928955078125e-07,gini,5,11,20,"{'criterion': 'gini', 'max_depth': 5, 'min_samples_leaf': 11, 'min_samples_split': 20}",0.7450980392156863,0.6336633663366337,0.68938070277616,0.05571733643952631,61
35,0.001995086669921875,4.76837158203125e-07,0.0009964704513549805,3.5762786865234375e-07,gini,5,15,6,"{'criterion': 'gini', 'max_depth': 5, 'min_samples_leaf': 15, 'min_samples_split': 6}",0.7450980392156863,0.6336633663366337,0.68938070277616,0.05571733643952631,61
36,0.0009963512420654297,1.430511474609375e-06,0.0009976625442504883,5.960464477539062e-07,gini,5,15,10,"{'criterion': 'gini', 'max_depth': 5, 'min_samples_leaf': 15, 'min_samples_split': 10}",0.7450980392156863,0.6336633663366337,0.68938070277616,0.05571733643952631,61
37,0.0014965534210205078,0.0004978179931640625,0.0009969472885131836,5.960464477539062e-07,gini,5,15,14,"{'criterion': 'gini', 'max_depth': 5, 'min_samples_leaf': 15, 'min_samples_split': 14}",0.7450980392156863,0.6336633663366337,0.68938070277616,0.05571733643952631,61
38,0.0014954805374145508,0.0004981756210327148,0.0009975433349609375,0.0,gini,5,15,15,"{'criterion': 'gini', 'max_depth': 5, 'min_samples_leaf': 15, 'min_samples_split': 15}",0.7450980392156863,0.6336633663366337,0.68938070277616,0.05571733643952631,61
39,0.0014960765838623047,0.0004985332489013672,0.0009971857070922852,1.1920928955078125e-07,gini,5,15,20,"{'criterion': 'gini', 'max_depth': 5, 'min_samples_leaf': 15, 'min_samples_split': 20}",0.7450980392156863,0.6336633663366337,0.68938070277616,0.05571733643952631,61
40,0.0014957189559936523,0.0004988908767700195,0.0009975433349609375,2.384185791015625e-07,gini,5,20,6,"{'criterion': 'gini', 'max_depth': 5, 'min_samples_leaf': 20, 'min_samples_split': 6}",0.7156862745098039,0.6336633663366337,0.6746748204232188,0.04101145408658513,156
41,0.0014963150024414062,0.0004987716674804688,0.0004987716674804688,0.0004987716674804688,gini,5,20,10,"{'criterion': 'gini', 'max_depth': 5, 'min_samples_leaf': 20, 'min_samples_split': 10}",0.7156862745098039,0.6336633663366337,0.6746748204232188,0.04101145408658513,156
42,0.000997304916381836,2.384185791015625e-07,0.0009971857070922852,1.1920928955078125e-07,gini,5,20,14,"{'criterion': 'gini', 'max_depth': 5, 'min_samples_leaf': 20, 'min_samples_split': 14}",0.7156862745098039,0.6336633663366337,0.6746748204232188,0.04101145408658513,156
43,0.0014961957931518555,0.0004988908767700195,0.0009974241256713867,1.1920928955078125e-07,gini,5,20,15,"{'criterion': 'gini', 'max_depth': 5, 'min_samples_leaf': 20, 'min_samples_split': 15}",0.7156862745098039,0.6336633663366337,0.6746748204232188,0.04101145408658513,156
44,0.0009969472885131836,1.1920928955078125e-07,0.000997781753540039,0.0,gini,5,20,20,"{'criterion': 'gini', 'max_depth': 5, 'min_samples_leaf': 20, 'min_samples_split': 20}",0.7156862745098039,0.6336633663366337,0.6746748204232188,0.04101145408658513,156
45,0.0010080337524414062,9.5367431640625e-06,0.0014853477478027344,0.0005080699920654297,gini,5,25,6,"{'criterion': 'gini', 'max_depth': 5, 'min_samples_leaf': 25, 'min_samples_split': 6}",0.7156862745098039,0.6336633663366337,0.6746748204232188,0.04101145408658513,156
46,0.0015139579772949219,0.0005168914794921875,0.000979304313659668,1.800060272216797e-05,gini,5,25,10,"{'criterion': 'gini', 'max_depth': 5, 'min_samples_leaf': 25, 'min_samples_split': 10}",0.7156862745098039,0.6336633663366337,0.6746748204232188,0.04101145408658513,156
47,0.0014955997467041016,0.0004992485046386719,0.0009975433349609375,2.384185791015625e-07,gini,5,25,14,"{'criterion': 'gini', 'max_depth': 5, 'min_samples_leaf': 25, 'min_samples_split': 14}",0.7156862745098039,0.6336633663366337,0.6746748204232188,0.04101145408658513,156
48,0.001496434211730957,0.0004981756210327148,0.0009970664978027344,4.76837158203125e-07,gini,5,25,15,"{'criterion': 'gini', 'max_depth': 5, 'min_samples_leaf': 25, 'min_samples_split': 15}",0.7156862745098039,0.6336633663366337,0.6746748204232188,0.04101145408658513,156
49,0.001495957374572754,0.0004988908767700195,0.000998854637145996,1.3113021850585938e-06,gini,5,25,20,"{'criterion': 'gini', 'max_depth': 5, 'min_samples_leaf': 25, 'min_samples_split': 20}",0.7156862745098039,0.6336633663366337,0.6746748204232188,0.04101145408658513,156
50,0.0014940500259399414,0.0004974603652954102,0.000997781753540039,2.384185791015625e-07,gini,7,7,6,"{'criterion': 'gini', 'max_depth': 7, 'min_samples_leaf': 7, 'min_samples_split': 6}",0.7352941176470589,0.7524752475247525,0.7438846825859057,0.0085905649388468,8
51,0.0009998083114624023,2.5033950805664062e-06,0.0009958744049072266,2.384185791015625e-06,gini,7,7,10,"{'criterion': 'gini', 'max_depth': 7, 'min_samples_leaf': 7, 'min_samples_split': 10}",0.7352941176470589,0.7524752475247525,0.7438846825859057,0.0085905649388468,8
52,0.000997781753540039,4.76837158203125e-07,0.0009969472885131836,1.1920928955078125e-07,gini,7,7,14,"{'criterion': 'gini', 'max_depth': 7, 'min_samples_leaf': 7, 'min_samples_split': 14}",0.7352941176470589,0.7524752475247525,0.7438846825859057,0.0085905649388468,8
53,0.0019948482513427734,2.384185791015625e-07,0.0009974241256713867,3.5762786865234375e-07,gini,7,7,15,"{'criterion': 'gini', 'max_depth': 7, 'min_samples_leaf': 7, 'min_samples_split': 15}",0.7352941176470589,0.7524752475247525,0.7438846825859057,0.0085905649388468,8
54,0.0019952058792114258,8.344650268554688e-07,0.0009971857070922852,1.1920928955078125e-07,gini,7,7,20,"{'criterion': 'gini', 'max_depth': 7, 'min_samples_leaf': 7, 'min_samples_split': 20}",0.7450980392156863,0.7524752475247525,0.7487866433702194,0.0036886041545330928,1
55,0.000997304916381836,2.384185791015625e-07,0.0014952421188354492,0.0004984140396118164,gini,7,11,6,"{'criterion': 'gini', 'max_depth': 7, 'min_samples_leaf': 11, 'min_samples_split': 6}",0.7450980392156863,0.6336633663366337,0.68938070277616,0.05571733643952631,61
56,0.0009970664978027344,0.0,0.0009976625442504883,1.1920928955078125e-07,gini,7,11,10,"{'criterion': 'gini', 'max_depth': 7, 'min_samples_leaf': 11, 'min_samples_split': 10}",0.7450980392156863,0.6336633663366337,0.68938070277616,0.05571733643952631,61
57,0.0014946460723876953,0.0004978179931640625,0.0009974241256713867,3.5762786865234375e-07,gini,7,11,14,"{'criterion': 'gini', 'max_depth': 7, 'min_samples_leaf': 11, 'min_samples_split': 14}",0.7450980392156863,0.6336633663366337,0.68938070277616,0.05571733643952631,61
58,0.0019960403442382812,1.9073486328125e-06,0.0009959936141967773,1.5497207641601562e-06,gini,7,11,15,"{'criterion': 'gini', 'max_depth': 7, 'min_samples_leaf': 11, 'min_samples_split': 15}",0.7450980392156863,0.6336633663366337,0.68938070277616,0.05571733643952631,61
59,0.0014961957931518555,0.0004991292953491211,0.0009975433349609375,2.384185791015625e-07,gini,7,11,20,"{'criterion': 'gini', 'max_depth': 7, 'min_samples_leaf': 11, 'min_samples_split': 20}",0.7450980392156863,0.6336633663366337,0.68938070277616,0.05571733643952631,61
60,0.0009976625442504883,1.3113021850585938e-06,0.0009987354278564453,9.5367431640625e-07,gini,7,15,6,"{'criterion': 'gini', 'max_depth': 7, 'min_samples_leaf': 15, 'min_samples_split': 6}",0.7450980392156863,0.6336633663366337,0.68938070277616,0.05571733643952631,61
61,0.0009964704513549805,8.344650268554688e-07,0.001496434211730957,0.0004998445510864258,gini,7,15,10,"{'criterion': 'gini', 'max_depth': 7, 'min_samples_leaf': 15, 'min_samples_split': 10}",0.7450980392156863,0.6336633663366337,0.68938070277616,0.05571733643952631,61
62,0.0009989738464355469,1.430511474609375e-06,0.0009959936141967773,1.5497207641601562e-06,gini,7,15,14,"{'criterion': 'gini', 'max_depth': 7, 'min_samples_leaf': 15, 'min_samples_split': 14}",0.7450980392156863,0.6336633663366337,0.68938070277616,0.05571733643952631,61
63,0.0009908676147460938,5.7220458984375e-06,0.0014972686767578125,0.000499725341796875,gini,7,15,15,"{'criterion': 'gini', 'max_depth': 7, 'min_samples_leaf': 15, 'min_samples_split': 15}",0.7450980392156863,0.6336633663366337,0.68938070277616,0.05571733643952631,61
64,0.0019941329956054688,2.384185791015625e-06,0.000996708869934082,1.5497207641601562e-06,gini,7,15,20,"{'criterion': 'gini', 'max_depth': 7, 'min_samples_leaf': 15, 'min_samples_split': 20}",0.7450980392156863,0.6336633663366337,0.68938070277616,0.05571733643952631,61
65,0.0014955997467041016,0.0004992485046386719,0.0009979009628295898,8.344650268554688e-07,gini,7,20,6,"{'criterion': 'gini', 'max_depth': 7, 'min_samples_leaf': 20, 'min_samples_split': 6}",0.7156862745098039,0.6336633663366337,0.6746748204232188,0.04101145408658513,156
66,0.001495957374572754,0.0004984140396118164,0.000996708869934082,3.5762786865234375e-07,gini,7,20,10,"{'criterion': 'gini', 'max_depth': 7, 'min_samples_leaf': 20, 'min_samples_split': 10}",0.7156862745098039,0.6336633663366337,0.6746748204232188,0.04101145408658513,156
67,0.0014954805374145508,0.0004979372024536133,0.0014966726303100586,0.0004996061325073242,gini,7,20,14,"{'criterion': 'gini', 'max_depth': 7, 'min_samples_leaf': 20, 'min_samples_split': 14}",0.7156862745098039,0.6336633663366337,0.6746748204232188,0.04101145408658513,156
68,0.0009971857070922852,1.1920928955078125e-07,0.001495957374572754,0.0004991292953491211,gini,7,20,15,"{'criterion': 'gini', 'max_depth': 7, 'min_samples_leaf': 20, 'min_samples_split': 15}",0.7156862745098039,0.6336633663366337,0.6746748204232188,0.04101145408658513,156
69,0.0014966726303100586,0.0004991292953491211,0.0009969472885131836,5.960464477539062e-07,gini,7,20,20,"{'criterion': 'gini', 'max_depth': 7, 'min_samples_leaf': 20, 'min_samples_split': 20}",0.7156862745098039,0.6336633663366337,0.6746748204232188,0.04101145408658513,156
70,0.001495957374572754,0.000498652458190918,0.0009976625442504883,1.1920928955078125e-07,gini,7,25,6,"{'criterion': 'gini', 'max_depth': 7, 'min_samples_leaf': 25, 'min_samples_split': 6}",0.7156862745098039,0.6336633663366337,0.6746748204232188,0.04101145408658513,156
71,0.0014961957931518555,0.0004988908767700195,0.0009970664978027344,0.0,gini,7,25,10,"{'criterion': 'gini', 'max_depth': 7, 'min_samples_leaf': 25, 'min_samples_split': 10}",0.7156862745098039,0.6336633663366337,0.6746748204232188,0.04101145408658513,156
72,0.001995086669921875,7.152557373046875e-07,0.0004981756210327148,0.0004981756210327148,gini,7,25,14,"{'criterion': 'gini', 'max_depth': 7, 'min_samples_leaf': 25, 'min_samples_split': 14}",0.7156862745098039,0.6336633663366337,0.6746748204232188,0.04101145408658513,156
73,0.0014957189559936523,0.0004979372024536133,0.000997781753540039,4.76837158203125e-07,gini,7,25,15,"{'criterion': 'gini', 'max_depth': 7, 'min_samples_leaf': 25, 'min_samples_split': 15}",0.7156862745098039,0.6336633663366337,0.6746748204232188,0.04101145408658513,156
74,0.000996708869934082,8.344650268554688e-07,0.000997304916381836,2.384185791015625e-07,gini,7,25,20,"{'criterion': 'gini', 'max_depth': 7, 'min_samples_leaf': 25, 'min_samples_split': 20}",0.7156862745098039,0.6336633663366337,0.6746748204232188,0.04101145408658513,156
75,0.001497030258178711,0.000499725341796875,0.0009968280792236328,7.152557373046875e-07,gini,10,7,6,"{'criterion': 'gini', 'max_depth': 10, 'min_samples_leaf': 7, 'min_samples_split': 6}",0.7352941176470589,0.7524752475247525,0.7438846825859057,0.0085905649388468,8
76,0.0014954805374145508,0.0004979372024536133,0.0009974241256713867,1.1920928955078125e-07,gini,10,7,10,"{'criterion': 'gini', 'max_depth': 10, 'min_samples_leaf': 7, 'min_samples_split': 10}",0.7352941176470589,0.7524752475247525,0.7438846825859057,0.0085905649388468,8
77,0.0009971857070922852,3.5762786865234375e-07,0.000996708869934082,8.344650268554688e-07,gini,10,7,14,"{'criterion': 'gini', 'max_depth': 10, 'min_samples_leaf': 7, 'min_samples_split': 14}",0.7352941176470589,0.7524752475247525,0.7438846825859057,0.0085905649388468,8
78,0.0014967918395996094,0.0005002021789550781,0.0009965896606445312,7.152557373046875e-07,gini,10,7,15,"{'criterion': 'gini', 'max_depth': 10, 'min_samples_leaf': 7, 'min_samples_split': 15}",0.7352941176470589,0.7524752475247525,0.7438846825859057,0.0085905649388468,8
79,0.0014960765838623047,0.0004980564117431641,0.000997304916381836,2.384185791015625e-07,gini,10,7,20,"{'criterion': 'gini', 'max_depth': 10, 'min_samples_leaf': 7, 'min_samples_split': 20}",0.7450980392156863,0.7524752475247525,0.7487866433702194,0.0036886041545330928,1
80,0.0014960765838623047,0.0004987716674804688,0.000498652458190918,0.000498652458190918,gini,10,11,6,"{'criterion': 'gini', 'max_depth': 10, 'min_samples_leaf': 11, 'min_samples_split': 6}",0.7450980392156863,0.6336633663366337,0.68938070277616,0.05571733643952631,61
81,0.001495957374572754,0.000498652458190918,0.000997781753540039,7.152557373046875e-07,gini,10,11,10,"{'criterion': 'gini', 'max_depth': 10, 'min_samples_leaf': 11, 'min_samples_split': 10}",0.7450980392156863,0.6336633663366337,0.68938070277616,0.05571733643952631,61
82,0.0009971857070922852,1.1920928955078125e-07,0.0009969472885131836,1.1920928955078125e-07,gini,10,11,14,"{'criterion': 'gini', 'max_depth': 10, 'min_samples_leaf': 11, 'min_samples_split': 14}",0.7450980392156863,0.6336633663366337,0.68938070277616,0.05571733643952631,61
83,0.0009971857070922852,5.960464477539062e-07,0.0009975433349609375,0.0,gini,10,11,15,"{'criterion': 'gini', 'max_depth': 10, 'min_samples_leaf': 11, 'min_samples_split': 15}",0.7450980392156863,0.6336633663366337,0.68938070277616,0.05571733643952631,61
84,0.0019949674606323242,3.5762786865234375e-07,0.0004985332489013672,0.0004985332489013672,gini,10,11,20,"{'criterion': 'gini', 'max_depth': 10, 'min_samples_leaf': 11, 'min_samples_split': 20}",0.7450980392156863,0.6336633663366337,0.68938070277616,0.05571733643952631,61
85,0.0014958381652832031,0.0004985332489013672,0.0009976625442504883,1.1920928955078125e-07,gini,10,15,6,"{'criterion': 'gini', 'max_depth': 10, 'min_samples_leaf': 15, 'min_samples_split': 6}",0.7450980392156863,0.6336633663366337,0.68938070277616,0.05571733643952631,61
86,0.001495957374572754,0.000498652458190918,0.0004985332489013672,0.0004985332489013672,gini,10,15,10,"{'criterion': 'gini', 'max_depth': 10, 'min_samples_leaf': 15, 'min_samples_split': 10}",0.7450980392156863,0.6336633663366337,0.68938070277616,0.05571733643952631,61
87,0.000997304916381836,4.76837158203125e-07,0.0009971857070922852,1.1920928955078125e-07,gini,10,15,14,"{'criterion': 'gini', 'max_depth': 10, 'min_samples_leaf': 15, 'min_samples_split': 14}",0.7450980392156863,0.6336633663366337,0.68938070277616,0.05571733643952631,61
88,0.0009974241256713867,1.1920928955078125e-07,0.0009970664978027344,0.0,gini,10,15,15,"{'criterion': 'gini', 'max_depth': 10, 'min_samples_leaf': 15, 'min_samples_split': 15}",0.7450980392156863,0.6336633663366337,0.68938070277616,0.05571733643952631,61
89,0.0014960765838623047,0.0004987716674804688,0.0009974241256713867,3.5762786865234375e-07,gini,10,15,20,"{'criterion': 'gini', 'max_depth': 10, 'min_samples_leaf': 15, 'min_samples_split': 20}",0.7450980392156863,0.6336633663366337,0.68938070277616,0.05571733643952631,61
90,0.0009961128234863281,4.76837158203125e-07,0.0009969472885131836,5.960464477539062e-07,gini,10,20,6,"{'criterion': 'gini', 'max_depth': 10, 'min_samples_leaf': 20, 'min_samples_split': 6}",0.7156862745098039,0.6336633663366337,0.6746748204232188,0.04101145408658513,156
91,0.0019953250885009766,9.5367431640625e-07,0.0004981756210327148,0.0004981756210327148,gini,10,20,10,"{'criterion': 'gini', 'max_depth': 10, 'min_samples_leaf': 20, 'min_samples_split': 10}",0.7156862745098039,0.6336633663366337,0.6746748204232188,0.04101145408658513,156
92,0.0014950037002563477,0.0005019903182983398,0.0010101795196533203,1.2636184692382812e-05,gini,10,20,14,"{'criterion': 'gini', 'max_depth': 10, 'min_samples_leaf': 20, 'min_samples_split': 14}",0.7156862745098039,0.6336633663366337,0.6746748204232188,0.04101145408658513,156
93,0.0014827251434326172,0.0005121231079101562,0.0009970664978027344,9.5367431640625e-07,gini,10,20,15,"{'criterion': 'gini', 'max_depth': 10, 'min_samples_leaf': 20, 'min_samples_split': 15}",0.7156862745098039,0.6336633663366337,0.6746748204232188,0.04101145408658513,156
94,0.0014955997467041016,0.0004980564117431641,0.0009971857070922852,1.1920928955078125e-07,gini,10,20,20,"{'criterion': 'gini', 'max_depth': 10, 'min_samples_leaf': 20, 'min_samples_split': 20}",0.7156862745098039,0.6336633663366337,0.6746748204232188,0.04101145408658513,156
95,0.0014963150024414062,0.0004985332489013672,0.0004985332489013672,0.0004985332489013672,gini,10,25,6,"{'criterion': 'gini', 'max_depth': 10, 'min_samples_leaf': 25, 'min_samples_split': 6}",0.7156862745098039,0.6336633663366337,0.6746748204232188,0.04101145408658513,156
96,0.0010062456130981445,8.225440979003906e-06,0.0009878873825073242,8.940696716308594e-06,gini,10,25,10,"{'criterion': 'gini', 'max_depth': 10, 'min_samples_leaf': 25, 'min_samples_split': 10}",0.7156862745098039,0.6336633663366337,0.6746748204232188,0.04101145408658513,156
97,0.0009974241256713867,1.1920928955078125e-07,0.0009971857070922852,1.1920928955078125e-07,gini,10,25,14,"{'criterion': 'gini', 'max_depth': 10, 'min_samples_leaf': 25, 'min_samples_split': 14}",0.7156862745098039,0.6336633663366337,0.6746748204232188,0.04101145408658513,156
98,0.000997304916381836,0.0,0.000997304916381836,0.0,gini,10,25,15,"{'criterion': 'gini', 'max_depth': 10, 'min_samples_leaf': 25, 'min_samples_split': 15}",0.7156862745098039,0.6336633663366337,0.6746748204232188,0.04101145408658513,156
99,0.0014958381652832031,0.0004982948303222656,0.000997304916381836,2.384185791015625e-07,gini,10,25,20,"{'criterion': 'gini', 'max_depth': 10, 'min_samples_leaf': 25, 'min_samples_split': 20}",0.7156862745098039,0.6336633663366337,0.6746748204232188,0.04101145408658513,156
100,0.0014960765838623047,0.0004985332489013672,0.0009974241256713867,1.1920928955078125e-07,gini,14,7,6,"{'criterion': 'gini', 'max_depth': 14, 'min_samples_leaf': 7, 'min_samples_split': 6}",0.7352941176470589,0.7524752475247525,0.7438846825859057,0.0085905649388468,8
101,0.0014969110488891602,0.0004993677139282227,0.0009964704513549805,1.0728836059570312e-06,gini,14,7,10,"{'criterion': 'gini', 'max_depth': 14, 'min_samples_leaf': 7, 'min_samples_split': 10}",0.7352941176470589,0.7524752475247525,0.7438846825859057,0.0085905649388468,8
102,0.0019997358322143555,4.172325134277344e-06,0.0009922981262207031,4.5299530029296875e-06,gini,14,7,14,"{'criterion': 'gini', 'max_depth': 14, 'min_samples_leaf': 7, 'min_samples_split': 14}",0.7352941176470589,0.7524752475247525,0.7438846825859057,0.0085905649388468,8
103,0.0015007257461547852,0.0004938840866088867,0.0009927749633789062,4.76837158203125e-06,gini,14,7,15,"{'criterion': 'gini', 'max_depth': 14, 'min_samples_leaf': 7, 'min_samples_split': 15}",0.7352941176470589,0.7524752475247525,0.7438846825859057,0.0085905649388468,8
104,0.001495957374572754,0.0004988908767700195,0.0009975433349609375,2.384185791015625e-07,gini,14,7,20,"{'criterion': 'gini', 'max_depth': 14, 'min_samples_leaf': 7, 'min_samples_split': 20}",0.7450980392156863,0.7524752475247525,0.7487866433702194,0.0036886041545330928,1
105,0.0014957189559936523,0.0004988908767700195,0.000498652458190918,0.000498652458190918,gini,14,11,6,"{'criterion': 'gini', 'max_depth': 14, 'min_samples_leaf': 11, 'min_samples_split': 6}",0.7450980392156863,0.6336633663366337,0.68938070277616,0.05571733643952631,61
106,0.0009974241256713867,1.1920928955078125e-07,0.0009974241256713867,3.5762786865234375e-07,gini,14,11,10,"{'criterion': 'gini', 'max_depth': 14, 'min_samples_leaf': 11, 'min_samples_split': 10}",0.7450980392156863,0.6336633663366337,0.68938070277616,0.05571733643952631,61
107,0.0009971857070922852,3.5762786865234375e-07,0.000997304916381836,2.384185791015625e-07,gini,14,11,14,"{'criterion': 'gini', 'max_depth': 14, 'min_samples_leaf': 11, 'min_samples_split': 14}",0.7450980392156863,0.6336633663366337,0.68938070277616,0.05571733643952631,61
108,0.0009974241256713867,1.1920928955078125e-07,0.0009969472885131836,1.1920928955078125e-07,gini,14,11,15,"{'criterion': 'gini', 'max_depth': 14, 'min_samples_leaf': 11, 'min_samples_split': 15}",0.7450980392156863,0.6336633663366337,0.68938070277616,0.05571733643952631,61
109,0.0014967918395996094,0.0004994869232177734,0.0009965896606445312,4.76837158203125e-07,gini,14,11,20,"{'criterion': 'gini', 'max_depth': 14, 'min_samples_leaf': 11, 'min_samples_split': 20}",0.7450980392156863,0.6336633663366337,0.68938070277616,0.05571733643952631,61
110,0.0019965171813964844,3.0994415283203125e-06,0.0009955167770385742,1.5497207641601562e-06,gini,14,15,6,"{'criterion': 'gini', 'max_depth': 14, 'min_samples_leaf': 15, 'min_samples_split': 6}",0.7450980392156863,0.6336633663366337,0.68938070277616,0.05571733643952631,61
111,0.001994490623474121,5.960464477539062e-07,0.0009976625442504883,5.960464477539062e-07,gini,14,15,10,"{'criterion': 'gini', 'max_depth': 14, 'min_samples_leaf': 15, 'min_samples_split': 10}",0.7450980392156863,0.6336633663366337,0.68938070277616,0.05571733643952631,61
112,0.001510024070739746,0.0005129575729370117,0.001482248306274414,0.00048470497131347656,gini,14,15,14,"{'criterion': 'gini', 'max_depth': 14, 'min_samples_leaf': 15, 'min_samples_split': 14}",0.7450980392156863,0.6336633663366337,0.68938070277616,0.05571733643952631,61
113,0.0009970664978027344,4.76837158203125e-07,0.0009986162185668945,1.3113021850585938e-06,gini,14,15,15,"{'criterion': 'gini', 'max_depth': 14, 'min_samples_leaf': 15, 'min_samples_split': 15}",0.7450980392156863,0.6336633663366337,0.68938070277616,0.05571733643952631,61
114,0.0014951229095458984,0.0004992485046386719,0.0009975433349609375,0.0,gini,14,15,20,"{'criterion': 'gini', 'max_depth': 14, 'min_samples_leaf': 15, 'min_samples_split': 20}",0.7450980392156863,0.6336633663366337,0.68938070277616,0.05571733643952631,61
115,0.001993894577026367,4.76837158203125e-07,0.0009979009628295898,5.960464477539062e-07,gini,14,20,6,"{'criterion': 'gini', 'max_depth': 14, 'min_samples_leaf': 20, 'min_samples_split': 6}",0.7156862745098039,0.6336633663366337,0.6746748204232188,0.04101145408658513,156
116,0.0009974241256713867,5.960464477539062e-07,0.0014960765838623047,0.0004994869232177734,gini,14,20,10,"{'criterion': 'gini', 'max_depth': 14, 'min_samples_leaf': 20, 'min_samples_split': 10}",0.7156862745098039,0.6336633663366337,0.6746748204232188,0.04101145408658513,156
117,0.001498579978942871,0.0005012750625610352,0.0009952783584594727,2.5033950805664062e-06,gini,14,20,14,"{'criterion': 'gini', 'max_depth': 14, 'min_samples_leaf': 20, 'min_samples_split': 14}",0.7156862745098039,0.6336633663366337,0.6746748204232188,0.04101145408658513,156
118,0.0015003681182861328,0.0004949569702148438,0.0009932518005371094,4.291534423828125e-06,gini,14,20,15,"{'criterion': 'gini', 'max_depth': 14, 'min_samples_leaf': 20, 'min_samples_split': 15}",0.7156862745098039,0.6336633663366337,0.6746748204232188,0.04101145408658513,156
119,0.0009982585906982422,4.76837158203125e-07,0.0009968280792236328,7.152557373046875e-07,gini,14,20,20,"{'criterion': 'gini', 'max_depth': 14, 'min_samples_leaf': 20, 'min_samples_split': 20}",0.7156862745098039,0.6336633663366337,0.6746748204232188,0.04101145408658513,156
120,0.0014958381652832031,0.0004985332489013672,0.0009975433349609375,4.76837158203125e-07,gini,14,25,6,"{'criterion': 'gini', 'max_depth': 14, 'min_samples_leaf': 25, 'min_samples_split': 6}",0.7156862745098039,0.6336633663366337,0.6746748204232188,0.04101145408658513,156
121,0.0019943714141845703,0.0,0.000997304916381836,0.0,gini,14,25,10,"{'criterion': 'gini', 'max_depth': 14, 'min_samples_leaf': 25, 'min_samples_split': 10}",0.7156862745098039,0.6336633663366337,0.6746748204232188,0.04101145408658513,156
122,0.0014969110488891602,0.0004991292953491211,0.0009968280792236328,4.76837158203125e-07,gini,14,25,14,"{'criterion': 'gini', 'max_depth': 14, 'min_samples_leaf': 25, 'min_samples_split': 14}",0.7156862745098039,0.6336633663366337,0.6746748204232188,0.04101145408658513,156
123,0.0014957189559936523,0.000498652458190918,0.000997781753540039,2.384185791015625e-07,gini,14,25,15,"{'criterion': 'gini', 'max_depth': 14, 'min_samples_leaf': 25, 'min_samples_split': 15}",0.7156862745098039,0.6336633663366337,0.6746748204232188,0.04101145408658513,156
124,0.001995563507080078,1.430511474609375e-06,0.0009975433349609375,0.0,gini,14,25,20,"{'criterion': 'gini', 'max_depth': 14, 'min_samples_leaf': 25, 'min_samples_split': 20}",0.7156862745098039,0.6336633663366337,0.6746748204232188,0.04101145408658513,156
125,0.0014944076538085938,0.0004973411560058594,0.0014967918395996094,0.0004987716674804688,gini,15,7,6,"{'criterion': 'gini', 'max_depth': 15, 'min_samples_leaf': 7, 'min_samples_split': 6}",0.7352941176470589,0.7524752475247525,0.7438846825859057,0.0085905649388468,8
126,0.0014955997467041016,0.0004985332489013672,0.0009971857070922852,1.1920928955078125e-07,gini,15,7,10,"{'criterion': 'gini', 'max_depth': 15, 'min_samples_leaf': 7, 'min_samples_split': 10}",0.7352941176470589,0.7524752475247525,0.7438846825859057,0.0085905649388468,8
127,0.000998377799987793,1.0728836059570312e-06,0.0009970664978027344,4.76837158203125e-07,gini,15,7,14,"{'criterion': 'gini', 'max_depth': 15, 'min_samples_leaf': 7, 'min_samples_split': 14}",0.7352941176470589,0.7524752475247525,0.7438846825859057,0.0085905649388468,8
128,0.0019927024841308594,2.384185791015625e-06,0.0009990930557250977,1.7881393432617188e-06,gini,15,7,15,"{'criterion': 'gini', 'max_depth': 15, 'min_samples_leaf': 7, 'min_samples_split': 15}",0.7352941176470589,0.7524752475247525,0.7438846825859057,0.0085905649388468,8
129,0.001993417739868164,9.5367431640625e-07,0.0009982585906982422,1.430511474609375e-06,gini,15,7,20,"{'criterion': 'gini', 'max_depth': 15, 'min_samples_leaf': 7, 'min_samples_split': 20}",0.7450980392156863,0.7524752475247525,0.7487866433702194,0.0036886041545330928,1
130,0.0009982585906982422,4.76837158203125e-07,0.0009975433349609375,7.152557373046875e-07,gini,15,11,6,"{'criterion': 'gini', 'max_depth': 15, 'min_samples_leaf': 11, 'min_samples_split': 6}",0.7450980392156863,0.6336633663366337,0.68938070277616,0.05571733643952631,61
131,0.001495957374572754,0.0004979372024536133,0.000997781753540039,7.152557373046875e-07,gini,15,11,10,"{'criterion': 'gini', 'max_depth': 15, 'min_samples_leaf': 11, 'min_samples_split': 10}",0.7450980392156863,0.6336633663366337,0.68938070277616,0.05571733643952631,61
132,0.0014982223510742188,0.0005009174346923828,0.0009952783584594727,2.2649765014648438e-06,gini,15,11,14,"{'criterion': 'gini', 'max_depth': 15, 'min_samples_leaf': 11, 'min_samples_split': 14}",0.7450980392156863,0.6336633663366337,0.68938070277616,0.05571733643952631,61
133,0.0019947290420532227,5.960464477539062e-07,0.0009969472885131836,1.1920928955078125e-07,gini,15,11,15,"{'criterion': 'gini', 'max_depth': 15, 'min_samples_leaf': 11, 'min_samples_split': 15}",0.7450980392156863,0.6336633663366337,0.68938070277616,0.05571733643952631,61
134,0.0014965534210205078,0.0005002021789550781,0.0014958381652832031,0.0004992485046386719,gini,15,11,20,"{'criterion': 'gini', 'max_depth': 15, 'min_samples_leaf': 11, 'min_samples_split': 20}",0.7450980392156863,0.6336633663366337,0.68938070277616,0.05571733643952631,61
135,0.0014972686767578125,0.0005002021789550781,0.0009959936141967773,1.0728836059570312e-06,gini,15,15,6,"{'criterion': 'gini', 'max_depth': 15, 'min_samples_leaf': 15, 'min_samples_split': 6}",0.7450980392156863,0.6336633663366337,0.68938070277616,0.05571733643952631,61
136,0.0019947290420532227,8.344650268554688e-07,0.0009968280792236328,4.76837158203125e-07,gini,15,15,10,"{'criterion': 'gini', 'max_depth': 15, 'min_samples_leaf': 15, 'min_samples_split': 10}",0.7450980392156863,0.6336633663366337,0.68938070277616,0.05571733643952631,61
137,0.001500248908996582,0.0005027055740356445,0.0014919042587280273,0.000502467155456543,gini,15,15,14,"{'criterion': 'gini', 'max_depth': 15, 'min_samples_leaf': 15, 'min_samples_split': 14}",0.7450980392156863,0.6336633663366337,0.68938070277616,0.05571733643952631,61
138,0.0014958381652832031,0.0004982948303222656,0.0004982948303222656,0.0004982948303222656,gini,15,15,15,"{'criterion': 'gini', 'max_depth': 15, 'min_samples_leaf': 15, 'min_samples_split': 15}",0.7450980392156863,0.6336633663366337,0.68938070277616,0.05571733643952631,61
139,0.000997781753540039,2.384185791015625e-07,0.000997304916381836,2.384185791015625e-07,gini,15,15,20,"{'criterion': 'gini', 'max_depth': 15, 'min_samples_leaf': 15, 'min_samples_split': 20}",0.7450980392156863,0.6336633663366337,0.68938070277616,0.05571733643952631,61
140,0.001996755599975586,2.384185791015625e-06,0.0009953975677490234,1.9073486328125e-06,gini,15,20,6,"{'criterion': 'gini', 'max_depth': 15, 'min_samples_leaf': 20, 'min_samples_split': 6}",0.7156862745098039,0.6336633663366337,0.6746748204232188,0.04101145408658513,156
141,0.001993417739868164,9.5367431640625e-07,0.0004998445510864258,0.0004998445510864258,gini,15,20,10,"{'criterion': 'gini', 'max_depth': 15, 'min_samples_leaf': 20, 'min_samples_split': 10}",0.7156862745098039,0.6336633663366337,0.6746748204232188,0.04101145408658513,156
142,0.0009986162185668945,5.960464477539062e-07,0.000998377799987793,1.7881393432617188e-06,gini,15,20,14,"{'criterion': 'gini', 'max_depth': 15, 'min_samples_leaf': 20, 'min_samples_split': 14}",0.7156862745098039,0.6336633663366337,0.6746748204232188,0.04101145408658513,156
143,0.0014957189559936523,0.000498652458190918,0.0014977455139160156,0.0004971027374267578,gini,15,20,15,"{'criterion': 'gini', 'max_depth': 15, 'min_samples_leaf': 20, 'min_samples_split': 15}",0.7156862745098039,0.6336633663366337,0.6746748204232188,0.04101145408658513,156
144,0.001992344856262207,1.7881393432617188e-06,0.00099945068359375,1.1920928955078125e-06,gini,15,20,20,"{'criterion': 'gini', 'max_depth': 15, 'min_samples_leaf': 20, 'min_samples_split': 20}",0.7156862745098039,0.6336633663366337,0.6746748204232188,0.04101145408658513,156
145,0.001494288444519043,0.000496983528137207,0.000498652458190918,0.000498652458190918,gini,15,25,6,"{'criterion': 'gini', 'max_depth': 15, 'min_samples_leaf': 25, 'min_samples_split': 6}",0.7156862745098039,0.6336633663366337,0.6746748204232188,0.04101145408658513,156
146,0.0019959211349487305,1.5497207641601562e-06,0.0009961128234863281,7.152557373046875e-07,gini,15,25,10,"{'criterion': 'gini', 'max_depth': 15, 'min_samples_leaf': 25, 'min_samples_split': 10}",0.7156862745098039,0.6336633663366337,0.6746748204232188,0.04101145408658513,156
147,0.001495957374572754,0.000498652458190918,0.0009975433349609375,1.430511474609375e-06,gini,15,25,14,"{'criterion': 'gini', 'max_depth': 15, 'min_samples_leaf': 25, 'min_samples_split': 14}",0.7156862745098039,0.6336633663366337,0.6746748204232188,0.04101145408658513,156
148,0.0014973878860473633,0.0005000829696655273,0.0009963512420654297,9.5367431640625e-07,gini,15,25,15,"{'criterion': 'gini', 'max_depth': 15, 'min_samples_leaf': 25, 'min_samples_split': 15}",0.7156862745098039,0.6336633663366337,0.6746748204232188,0.04101145408658513,156
149,0.001495361328125,0.0004985332489013672,0.000997781753540039,0.0,gini,15,25,20,"{'criterion': 'gini', 'max_depth': 15, 'min_samples_leaf': 25, 'min_samples_split': 20}",0.7156862745098039,0.6336633663366337,0.6746748204232188,0.04101145408658513,156
150,0.0009970664978027344,4.76837158203125e-07,0.0009968280792236328,2.384185791015625e-07,entropy,3,7,6,"{'criterion': 'entropy', 'max_depth': 3, 'min_samples_leaf': 7, 'min_samples_split': 6}",0.7352941176470589,0.7524752475247525,0.7438846825859057,0.0085905649388468,8
151,0.001995086669921875,9.5367431640625e-07,0.0009971857070922852,3.5762786865234375e-07,entropy,3,7,10,"{'criterion': 'entropy', 'max_depth': 3, 'min_samples_leaf': 7, 'min_samples_split': 10}",0.7352941176470589,0.7524752475247525,0.7438846825859057,0.0085905649388468,8
152,0.001994013786315918,8.344650268554688e-07,0.0009979009628295898,3.5762786865234375e-07,entropy,3,7,14,"{'criterion': 'entropy', 'max_depth': 3, 'min_samples_leaf': 7, 'min_samples_split': 14}",0.7352941176470589,0.7524752475247525,0.7438846825859057,0.0085905649388468,8
153,0.000997781753540039,7.152557373046875e-07,0.0009965896606445312,4.76837158203125e-07,entropy,3,7,15,"{'criterion': 'entropy', 'max_depth': 3, 'min_samples_leaf': 7, 'min_samples_split': 15}",0.7352941176470589,0.7524752475247525,0.7438846825859057,0.0085905649388468,8
154,0.0014955997467041016,0.0004982948303222656,0.0009975433349609375,2.384185791015625e-07,entropy,3,7,20,"{'criterion': 'entropy', 'max_depth': 3, 'min_samples_leaf': 7, 'min_samples_split': 20}",0.7450980392156863,0.7524752475247525,0.7487866433702194,0.0036886041545330928,1
155,0.0014955997467041016,0.0004990100860595703,0.000498652458190918,0.000498652458190918,entropy,3,11,6,"{'criterion': 'entropy', 'max_depth': 3, 'min_samples_leaf': 11, 'min_samples_split': 6}",0.7450980392156863,0.6336633663366337,0.68938070277616,0.05571733643952631,61
156,0.0014958381652832031,0.0004980564117431641,0.0004987716674804688,0.0004987716674804688,entropy,3,11,10,"{'criterion': 'entropy', 'max_depth': 3, 'min_samples_leaf': 11, 'min_samples_split': 10}",0.7450980392156863,0.6336633663366337,0.68938070277616,0.05571733643952631,61
157,0.000997781753540039,2.384185791015625e-07,0.000996708869934082,3.5762786865234375e-07,entropy,3,11,14,"{'criterion': 'entropy', 'max_depth': 3, 'min_samples_leaf': 11, 'min_samples_split': 14}",0.7450980392156863,0.6336633663366337,0.68938070277616,0.05571733643952631,61
158,0.0014961957931518555,0.0004991292953491211,0.000997304916381836,0.0,entropy,3,11,15,"{'criterion': 'entropy', 'max_depth': 3, 'min_samples_leaf': 11, 'min_samples_split': 15}",0.7450980392156863,0.6336633663366337,0.68938070277616,0.05571733643952631,61
159,0.001495957374572754,0.0004984140396118164,0.0009971857070922852,1.1920928955078125e-07,entropy,3,11,20,"{'criterion': 'entropy', 'max_depth': 3, 'min_samples_leaf': 11, 'min_samples_split': 20}",0.7450980392156863,0.6336633663366337,0.68938070277616,0.05571733643952631,61
160,0.0009980201721191406,9.5367431640625e-07,0.0009969472885131836,5.960464477539062e-07,entropy,3,15,6,"{'criterion': 'entropy', 'max_depth': 3, 'min_samples_leaf': 15, 'min_samples_split': 6}",0.7450980392156863,0.6336633663366337,0.68938070277616,0.05571733643952631,61
161,0.0019949674606323242,1.7881393432617188e-06,0.0009968280792236328,7.152557373046875e-07,entropy,3,15,10,"{'criterion': 'entropy', 'max_depth': 3, 'min_samples_leaf': 15, 'min_samples_split': 10}",0.7450980392156863,0.6336633663366337,0.68938070277616,0.05571733643952631,61
162,0.0019942522048950195,5.960464477539062e-07,0.000997781753540039,1.1920928955078125e-06,entropy,3,15,14,"{'criterion': 'entropy', 'max_depth': 3, 'min_samples_leaf': 15, 'min_samples_split': 14}",0.7450980392156863,0.6336633663366337,0.68938070277616,0.05571733643952631,61
163,0.0019965171813964844,1.1920928955078125e-06,0.0009958744049072266,1.430511474609375e-06,entropy,3,15,15,"{'criterion': 'entropy', 'max_depth': 3, 'min_samples_leaf': 15, 'min_samples_split': 15}",0.7450980392156863,0.6336633663366337,0.68938070277616,0.05571733643952631,61
164,0.0015033483505249023,0.0004907846450805664,0.0014916658401489258,0.0004945993423461914,entropy,3,15,20,"{'criterion': 'entropy', 'max_depth': 3, 'min_samples_leaf': 15, 'min_samples_split': 20}",0.7450980392156863,0.6336633663366337,0.68938070277616,0.05571733643952631,61
165,0.0014928579330444336,0.0004950761795043945,0.000498652458190918,0.000498652458190918,entropy,3,20,6,"{'criterion': 'entropy', 'max_depth': 3, 'min_samples_leaf': 20, 'min_samples_split': 6}",0.7156862745098039,0.6336633663366337,0.6746748204232188,0.04101145408658513,156
166,0.0009957551956176758,1.5497207641601562e-06,0.000996708869934082,5.960464477539062e-07,entropy,3,20,10,"{'criterion': 'entropy', 'max_depth': 3, 'min_samples_leaf': 20, 'min_samples_split': 10}",0.7156862745098039,0.6336633663366337,0.6746748204232188,0.04101145408658513,156
167,0.0014963150024414062,0.0004990100860595703,0.0009968280792236328,0.0,entropy,3,20,14,"{'criterion': 'entropy', 'max_depth': 3, 'min_samples_leaf': 20, 'min_samples_split': 14}",0.7156862745098039,0.6336633663366337,0.6746748204232188,0.04101145408658513,156
168,0.0014961957931518555,0.000498652458190918,0.0009974241256713867,3.5762786865234375e-07,entropy,3,20,15,"{'criterion': 'entropy', 'max_depth': 3, 'min_samples_leaf': 20, 'min_samples_split': 15}",0.7156862745098039,0.6336633663366337,0.6746748204232188,0.04101145408658513,156
169,0.0009974241256713867,1.1920928955078125e-07,0.000997304916381836,4.76837158203125e-07,entropy,3,20,20,"{'criterion': 'entropy', 'max_depth': 3, 'min_samples_leaf': 20, 'min_samples_split': 20}",0.7156862745098039,0.6336633663366337,0.6746748204232188,0.04101145408658513,156
170,0.0014955997467041016,0.0004990100860595703,0.0009974241256713867,1.1920928955078125e-07,entropy,3,25,6,"{'criterion': 'entropy', 'max_depth': 3, 'min_samples_leaf': 25, 'min_samples_split': 6}",0.7156862745098039,0.6336633663366337,0.6746748204232188,0.04101145408658513,156
171,0.0009974241256713867,8.344650268554688e-07,0.0014960765838623047,0.0004990100860595703,entropy,3,25,10,"{'criterion': 'entropy', 'max_depth': 3, 'min_samples_leaf': 25, 'min_samples_split': 10}",0.7156862745098039,0.6336633663366337,0.6746748204232188,0.04101145408658513,156
172,0.0009971857070922852,1.1920928955078125e-07,0.0009990930557250977,2.0265579223632812e-06,entropy,3,25,14,"{'criterion': 'entropy', 'max_depth': 3, 'min_samples_leaf': 25, 'min_samples_split': 14}",0.7156862745098039,0.6336633663366337,0.6746748204232188,0.04101145408658513,156
173,0.001495361328125,0.0005006790161132812,0.0009968280792236328,2.384185791015625e-07,entropy,3,25,15,"{'criterion': 'entropy', 'max_depth': 3, 'min_samples_leaf': 25, 'min_samples_split': 15}",0.7156862745098039,0.6336633663366337,0.6746748204232188,0.04101145408658513,156
174,0.0014955997467041016,0.0004987716674804688,0.0009975433349609375,0.0,entropy,3,25,20,"{'criterion': 'entropy', 'max_depth': 3, 'min_samples_leaf': 25, 'min_samples_split': 20}",0.7156862745098039,0.6336633663366337,0.6746748204232188,0.04101145408658513,156
175,0.0009969472885131836,1.1920928955078125e-07,0.001003861427307129,3.6954879760742188e-06,entropy,5,7,6,"{'criterion': 'entropy', 'max_depth': 5, 'min_samples_leaf': 7, 'min_samples_split': 6}",0.7352941176470589,0.7029702970297029,0.7191322073383809,0.016161910308677974,48
176,0.0014960765838623047,0.0004985332489013672,0.000997304916381836,4.76837158203125e-07,entropy,5,7,10,"{'criterion': 'entropy', 'max_depth': 5, 'min_samples_leaf': 7, 'min_samples_split': 10}",0.7352941176470589,0.7326732673267327,0.7339836924868958,0.001310425160163109,36
177,0.0019949674606323242,5.960464477539062e-07,0.0009968280792236328,4.76837158203125e-07,entropy,5,7,14,"{'criterion': 'entropy', 'max_depth': 5, 'min_samples_leaf': 7, 'min_samples_split': 14}",0.7352941176470589,0.7029702970297029,0.7191322073383809,0.016161910308677974,48
178,0.0019936561584472656,1.1920928955078125e-06,0.0009987354278564453,1.430511474609375e-06,entropy,5,7,15,"{'criterion': 'entropy', 'max_depth': 5, 'min_samples_leaf': 7, 'min_samples_split': 15}",0.7352941176470589,0.7029702970297029,0.7191322073383809,0.016161910308677974,48
179,0.001994609832763672,4.76837158203125e-07,0.000997304916381836,2.384185791015625e-07,entropy,5,7,20,"{'criterion': 'entropy', 'max_depth': 5, 'min_samples_leaf': 7, 'min_samples_split': 20}",0.7450980392156863,0.7227722772277227,0.7339351582217045,0.011162880993981772,43
180,0.0014960765838623047,0.0004994869232177734,0.0009969472885131836,5.960464477539062e-07,entropy,5,11,6,"{'criterion': 'entropy', 'max_depth': 5, 'min_samples_leaf': 11, 'min_samples_split': 6}",0.7450980392156863,0.5742574257425742,0.6596777324791303,0.08542030673655604,276
181,0.0009979009628295898,3.5762786865234375e-07,0.0009971857070922852,3.5762786865234375e-07,entropy,5,11,10,"{'criterion': 'entropy', 'max_depth': 5, 'min_samples_leaf': 11, 'min_samples_split': 10}",0.7450980392156863,0.5742574257425742,0.6596777324791303,0.08542030673655604,276
182,0.001495957374572754,0.0004988908767700195,0.0009974241256713867,1.1920928955078125e-07,entropy,5,11,14,"{'criterion': 'entropy', 'max_depth': 5, 'min_samples_leaf': 11, 'min_samples_split': 14}",0.7450980392156863,0.5742574257425742,0.6596777324791303,0.08542030673655604,276
183,0.0009980201721191406,7.152557373046875e-07,0.0009961128234863281,7.152557373046875e-07,entropy,5,11,15,"{'criterion': 'entropy', 'max_depth': 5, 'min_samples_leaf': 11, 'min_samples_split': 15}",0.7450980392156863,0.5742574257425742,0.6596777324791303,0.08542030673655604,276
184,0.0014965534210205078,0.0004987716674804688,0.0004981756210327148,0.0004981756210327148,entropy,5,11,20,"{'criterion': 'entropy', 'max_depth': 5, 'min_samples_leaf': 11, 'min_samples_split': 20}",0.7450980392156863,0.5742574257425742,0.6596777324791303,0.08542030673655604,276
185,0.0009971857070922852,1.1920928955078125e-07,0.0009976625442504883,1.1920928955078125e-07,entropy,5,15,6,"{'criterion': 'entropy', 'max_depth': 5, 'min_samples_leaf': 15, 'min_samples_split': 6}",0.7450980392156863,0.6336633663366337,0.68938070277616,0.05571733643952631,61
186,0.0009970664978027344,2.384185791015625e-07,0.0009974241256713867,1.1920928955078125e-07,entropy,5,15,10,"{'criterion': 'entropy', 'max_depth': 5, 'min_samples_leaf': 15, 'min_samples_split': 10}",0.7450980392156863,0.6336633663366337,0.68938070277616,0.05571733643952631,61
187,0.0014958381652832031,0.0004990100860595703,0.000997781753540039,0.0,entropy,5,15,14,"{'criterion': 'entropy', 'max_depth': 5, 'min_samples_leaf': 15, 'min_samples_split': 14}",0.7450980392156863,0.6336633663366337,0.68938070277616,0.05571733643952631,61
188,0.001994490623474121,1.1920928955078125e-07,0.0004987716674804688,0.0004987716674804688,entropy,5,15,15,"{'criterion': 'entropy', 'max_depth': 5, 'min_samples_leaf': 15, 'min_samples_split': 15}",0.7450980392156863,0.6336633663366337,0.68938070277616,0.05571733643952631,61
189,0.0014969110488891602,0.0004988908767700195,0.0009965896606445312,0.0,entropy,5,15,20,"{'criterion': 'entropy', 'max_depth': 5, 'min_samples_leaf': 15, 'min_samples_split': 20}",0.7450980392156863,0.6336633663366337,0.68938070277616,0.05571733643952631,61
190,0.001495361328125,0.0004982948303222656,0.0004988908767700195,0.0004988908767700195,entropy,5,20,6,"{'criterion': 'entropy', 'max_depth': 5, 'min_samples_leaf': 20, 'min_samples_split': 6}",0.7156862745098039,0.6336633663366337,0.6746748204232188,0.04101145408658513,156
191,0.000997304916381836,2.384185791015625e-07,0.0009980201721191406,2.384185791015625e-07,entropy,5,20,10,"{'criterion': 'entropy', 'max_depth': 5, 'min_samples_leaf': 20, 'min_samples_split': 10}",0.7156862745098039,0.6336633663366337,0.6746748204232188,0.04101145408658513,156
192,0.0019943714141845703,0.0,0.0004990100860595703,0.0004990100860595703,entropy,5,20,14,"{'criterion': 'entropy', 'max_depth': 5, 'min_samples_leaf': 20, 'min_samples_split': 14}",0.7156862745098039,0.6336633663366337,0.6746748204232188,0.04101145408658513,156
193,0.0015069246292114258,0.0005098581314086914,0.0009871721267700195,1.0132789611816406e-05,entropy,5,20,15,"{'criterion': 'entropy', 'max_depth': 5, 'min_samples_leaf': 20, 'min_samples_split': 15}",0.7156862745098039,0.6336633663366337,0.6746748204232188,0.04101145408658513,156
194,0.0014955997467041016,0.0004982948303222656,0.0010017156600952148,3.933906555175781e-06,entropy,5,20,20,"{'criterion': 'entropy', 'max_depth': 5, 'min_samples_leaf': 20, 'min_samples_split': 20}",0.7156862745098039,0.6336633663366337,0.6746748204232188,0.04101145408658513,156
195,0.0009970664978027344,2.384185791015625e-07,0.000997304916381836,0.0,entropy,5,25,6,"{'criterion': 'entropy', 'max_depth': 5, 'min_samples_leaf': 25, 'min_samples_split': 6}",0.7156862745098039,0.6336633663366337,0.6746748204232188,0.04101145408658513,156
196,0.0009968280792236328,4.76837158203125e-07,0.0009968280792236328,1.1920928955078125e-06,entropy,5,25,10,"{'criterion': 'entropy', 'max_depth': 5, 'min_samples_leaf': 25, 'min_samples_split': 10}",0.7156862745098039,0.6336633663366337,0.6746748204232188,0.04101145408658513,156
197,0.001997232437133789,3.337860107421875e-06,0.0009949207305908203,2.86102294921875e-06,entropy,5,25,14,"{'criterion': 'entropy', 'max_depth': 5, 'min_samples_leaf': 25, 'min_samples_split': 14}",0.7156862745098039,0.6336633663366337,0.6746748204232188,0.04101145408658513,156
198,0.001498103141784668,0.0005010366439819336,0.0009958744049072266,9.5367431640625e-07,entropy,5,25,15,"{'criterion': 'entropy', 'max_depth': 5, 'min_samples_leaf': 25, 'min_samples_split': 15}",0.7156862745098039,0.6336633663366337,0.6746748204232188,0.04101145408658513,156
199,0.0014950037002563477,0.0004979372024536133,0.0004990100860595703,0.0004990100860595703,entropy,5,25,20,"{'criterion': 'entropy', 'max_depth': 5, 'min_samples_leaf': 25, 'min_samples_split': 20}",0.7156862745098039,0.6336633663366337,0.6746748204232188,0.04101145408658513,156
200,0.0009961128234863281,9.5367431640625e-07,0.000997304916381836,2.384185791015625e-07,entropy,7,7,6,"{'criterion': 'entropy', 'max_depth': 7, 'min_samples_leaf': 7, 'min_samples_split': 6}",0.7352941176470589,0.7326732673267327,0.7339836924868958,0.001310425160163109,36
201,0.0009968280792236328,2.384185791015625e-07,0.0010129213333129883,1.5854835510253906e-05,entropy,7,7,10,"{'criterion': 'entropy', 'max_depth': 7, 'min_samples_leaf': 7, 'min_samples_split': 10}",0.7352941176470589,0.7326732673267327,0.7339836924868958,0.001310425160163109,36
202,0.003663182258605957,0.0006717443466186523,0.0013238191604614258,0.00032651424407958984,entropy,7,7,14,"{'criterion': 'entropy', 'max_depth': 7, 'min_samples_leaf': 7, 'min_samples_split': 14}",0.7352941176470589,0.7029702970297029,0.7191322073383809,0.016161910308677974,48
203,0.001496434211730957,0.0004991292953491211,0.0009979009628295898,5.960464477539062e-07,entropy,7,7,15,"{'criterion': 'entropy', 'max_depth': 7, 'min_samples_leaf': 7, 'min_samples_split': 15}",0.7352941176470589,0.7326732673267327,0.7339836924868958,0.001310425160163109,36
204,0.0009974241256713867,1.1920928955078125e-07,0.0014961957931518555,0.0004996061325073242,entropy,7,7,20,"{'criterion': 'entropy', 'max_depth': 7, 'min_samples_leaf': 7, 'min_samples_split': 20}",0.7450980392156863,0.7227722772277227,0.7339351582217045,0.011162880993981772,43
205,0.0014971494674682617,0.0005041360855102539,0.0009940862655639648,2.5033950805664062e-06,entropy,7,11,6,"{'criterion': 'entropy', 'max_depth': 7, 'min_samples_leaf': 11, 'min_samples_split': 6}",0.7450980392156863,0.5742574257425742,0.6596777324791303,0.08542030673655604,276
206,0.0019952058792114258,8.344650268554688e-07,0.0014954805374145508,0.000498652458190918,entropy,7,11,10,"{'criterion': 'entropy', 'max_depth': 7, 'min_samples_leaf': 11, 'min_samples_split': 10}",0.7450980392156863,0.5742574257425742,0.6596777324791303,0.08542030673655604,276
207,0.001994609832763672,7.152557373046875e-07,0.0009974241256713867,5.960464477539062e-07,entropy,7,11,14,"{'criterion': 'entropy', 'max_depth': 7, 'min_samples_leaf': 11, 'min_samples_split': 14}",0.7450980392156863,0.5742574257425742,0.6596777324791303,0.08542030673655604,276
208,0.0019937753677368164,8.344650268554688e-07,0.0009976625442504883,3.5762786865234375e-07,entropy,7,11,15,"{'criterion': 'entropy', 'max_depth': 7, 'min_samples_leaf': 11, 'min_samples_split': 15}",0.7450980392156863,0.5742574257425742,0.6596777324791303,0.08542030673655604,276
209,0.001495957374572754,0.0004981756210327148,0.0009970664978027344,0.0,entropy,7,11,20,"{'criterion': 'entropy', 'max_depth': 7, 'min_samples_leaf': 11, 'min_samples_split': 20}",0.7450980392156863,0.5742574257425742,0.6596777324791303,0.08542030673655604,276
210,0.0014960765838623047,0.0004990100860595703,0.000997304916381836,2.384185791015625e-07,entropy,7,15,6,"{'criterion': 'entropy', 'max_depth': 7, 'min_samples_leaf': 15, 'min_samples_split': 6}",0.7450980392156863,0.6336633663366337,0.68938070277616,0.05571733643952631,61
211,0.0014961957931518555,0.0004984140396118164,0.0009971857070922852,1.1920928955078125e-07,entropy,7,15,10,"{'criterion': 'entropy', 'max_depth': 7, 'min_samples_leaf': 15, 'min_samples_split': 10}",0.7450980392156863,0.6336633663366337,0.68938070277616,0.05571733643952631,61
212,0.001495957374572754,0.0004996061325073242,0.0009976625442504883,5.960464477539062e-07,entropy,7,15,14,"{'criterion': 'entropy', 'max_depth': 7, 'min_samples_leaf': 15, 'min_samples_split': 14}",0.7450980392156863,0.6336633663366337,0.68938070277616,0.05571733643952631,61
213,0.0009969472885131836,3.5762786865234375e-07,0.0009970664978027344,0.0,entropy,7,15,15,"{'criterion': 'entropy', 'max_depth': 7, 'min_samples_leaf': 15, 'min_samples_split': 15}",0.7450980392156863,0.6336633663366337,0.68938070277616,0.05571733643952631,61
214,0.0014971494674682617,0.0004981756210327148,0.0004981756210327148,0.0004981756210327148,entropy,7,15,20,"{'criterion': 'entropy', 'max_depth': 7, 'min_samples_leaf': 15, 'min_samples_split': 20}",0.7450980392156863,0.6336633663366337,0.68938070277616,0.05571733643952631,61
215,0.0009971857070922852,1.1920928955078125e-07,0.0009975433349609375,2.384185791015625e-07,entropy,7,20,6,"{'criterion': 'entropy', 'max_depth': 7, 'min_samples_leaf': 20, 'min_samples_split': 6}",0.7156862745098039,0.6336633663366337,0.6746748204232188,0.04101145408658513,156
216,0.0009974241256713867,1.1920928955078125e-07,0.000997304916381836,2.384185791015625e-07,entropy,7,20,10,"{'criterion': 'entropy', 'max_depth': 7, 'min_samples_leaf': 20, 'min_samples_split': 10}",0.7156862745098039,0.6336633663366337,0.6746748204232188,0.04101145408658513,156
217,0.0014957189559936523,0.0004984140396118164,0.0009974241256713867,3.5762786865234375e-07,entropy,7,20,14,"{'criterion': 'entropy', 'max_depth': 7, 'min_samples_leaf': 20, 'min_samples_split': 14}",0.7156862745098039,0.6336633663366337,0.6746748204232188,0.04101145408658513,156
218,0.0019948482513427734,1.6689300537109375e-06,0.000498652458190918,0.000498652458190918,entropy,7,20,15,"{'criterion': 'entropy', 'max_depth': 7, 'min_samples_leaf': 20, 'min_samples_split': 15}",0.7156862745098039,0.6336633663366337,0.6746748204232188,0.04101145408658513,156
219,0.000996232032775879,1.0728836059570312e-06,0.000997781753540039,4.76837158203125e-07,entropy,7,20,20,"{'criterion': 'entropy', 'max_depth': 7, 'min_samples_leaf': 20, 'min_samples_split': 20}",0.7156862745098039,0.6336633663366337,0.6746748204232188,0.04101145408658513,156
220,0.0019954442977905273,3.5762786865234375e-07,0.0009964704513549805,1.1920928955078125e-07,entropy,7,25,6,"{'criterion': 'entropy', 'max_depth': 7, 'min_samples_leaf': 25, 'min_samples_split': 6}",0.7156862745098039,0.6336633663366337,0.6746748204232188,0.04101145408658513,156
221,0.000997304916381836,2.384185791015625e-07,0.000997781753540039,4.76837158203125e-07,entropy,7,25,10,"{'criterion': 'entropy', 'max_depth': 7, 'min_samples_leaf': 25, 'min_samples_split': 10}",0.7156862745098039,0.6336633663366337,0.6746748204232188,0.04101145408658513,156
222,0.0014957189559936523,0.0004988908767700195,0.0009971857070922852,1.1920928955078125e-07,entropy,7,25,14,"{'criterion': 'entropy', 'max_depth': 7, 'min_samples_leaf': 25, 'min_samples_split': 14}",0.7156862745098039,0.6336633663366337,0.6746748204232188,0.04101145408658513,156
223,0.0014963150024414062,0.0004987716674804688,0.000498652458190918,0.000498652458190918,entropy,7,25,15,"{'criterion': 'entropy', 'max_depth': 7, 'min_samples_leaf': 25, 'min_samples_split': 15}",0.7156862745098039,0.6336633663366337,0.6746748204232188,0.04101145408658513,156
224,0.0009976625442504883,1.1920928955078125e-07,0.0009971857070922852,1.1920928955078125e-07,entropy,7,25,20,"{'criterion': 'entropy', 'max_depth': 7, 'min_samples_leaf': 25, 'min_samples_split': 20}",0.7156862745098039,0.6336633663366337,0.6746748204232188,0.04101145408658513,156
225,0.0009974241256713867,1.1920928955078125e-07,0.000997304916381836,0.0,entropy,10,7,6,"{'criterion': 'entropy', 'max_depth': 10, 'min_samples_leaf': 7, 'min_samples_split': 6}",0.7352941176470589,0.7029702970297029,0.7191322073383809,0.016161910308677974,48
226,0.0009971857070922852,1.1920928955078125e-07,0.0009976625442504883,1.1920928955078125e-07,entropy,10,7,10,"{'criterion': 'entropy', 'max_depth': 10, 'min_samples_leaf': 7, 'min_samples_split': 10}",0.7352941176470589,0.7029702970297029,0.7191322073383809,0.016161910308677974,48
227,0.0009971857070922852,1.1920928955078125e-07,0.0009974241256713867,1.1920928955078125e-07,entropy,10,7,14,"{'criterion': 'entropy', 'max_depth': 10, 'min_samples_leaf': 7, 'min_samples_split': 14}",0.7352941176470589,0.7029702970297029,0.7191322073383809,0.016161910308677974,48
228,0.0014958381652832031,0.0004985332489013672,0.0009974241256713867,1.1920928955078125e-07,entropy,10,7,15,"{'criterion': 'entropy', 'max_depth': 10, 'min_samples_leaf': 7, 'min_samples_split': 15}",0.7352941176470589,0.7029702970297029,0.7191322073383809,0.016161910308677974,48
229,0.0014960765838623047,0.0004987716674804688,0.0009974241256713867,3.5762786865234375e-07,entropy,10,7,20,"{'criterion': 'entropy', 'max_depth': 10, 'min_samples_leaf': 7, 'min_samples_split': 20}",0.7450980392156863,0.7227722772277227,0.7339351582217045,0.011162880993981772,43
230,0.0014955997467041016,0.0004987716674804688,0.0009976625442504883,1.1920928955078125e-07,entropy,10,11,6,"{'criterion': 'entropy', 'max_depth': 10, 'min_samples_leaf': 11, 'min_samples_split': 6}",0.7450980392156863,0.5742574257425742,0.6596777324791303,0.08542030673655604,276
231,0.0015065670013427734,0.00048804283142089844,0.0004891157150268555,0.0004891157150268555,entropy,10,11,10,"{'criterion': 'entropy', 'max_depth': 10, 'min_samples_leaf': 11, 'min_samples_split': 10}",0.7450980392156863,0.5742574257425742,0.6596777324791303,0.08542030673655604,276
232,0.001493692398071289,0.0005257129669189453,0.0004985332489013672,0.0004985332489013672,entropy,10,11,14,"{'criterion': 'entropy', 'max_depth': 10, 'min_samples_leaf': 11, 'min_samples_split': 14}",0.7450980392156863,0.5742574257425742,0.6596777324791303,0.08542030673655604,276
233,0.0015022754669189453,0.0004928112030029297,0.000991225242614746,5.125999450683594e-06,entropy,10,11,15,"{'criterion': 'entropy', 'max_depth': 10, 'min_samples_leaf': 11, 'min_samples_split': 15}",0.7450980392156863,0.5742574257425742,0.6596777324791303,0.08542030673655604,276
234,0.001496434211730957,0.0004988908767700195,0.0009968280792236328,4.76837158203125e-07,entropy,10,11,20,"{'criterion': 'entropy', 'max_depth': 10, 'min_samples_leaf': 11, 'min_samples_split': 20}",0.7450980392156863,0.5742574257425742,0.6596777324791303,0.08542030673655604,276
235,0.0010018348693847656,2.384185791015625e-07,0.000992894172668457,2.467632293701172e-05,entropy,10,15,6,"{'criterion': 'entropy', 'max_depth': 10, 'min_samples_leaf': 15, 'min_samples_split': 6}",0.7450980392156863,0.6336633663366337,0.68938070277616,0.05571733643952631,61
236,0.0014961957931518555,0.0004984140396118164,0.0009970664978027344,2.384185791015625e-07,entropy,10,15,10,"{'criterion': 'entropy', 'max_depth': 10, 'min_samples_leaf': 15, 'min_samples_split': 10}",0.7450980392156863,0.6336633663366337,0.68938070277616,0.05571733643952631,61
237,0.0010182857513427734,1.9550323486328125e-05,0.0009763240814208984,1.9550323486328125e-05,entropy,10,15,14,"{'criterion': 'entropy', 'max_depth': 10, 'min_samples_leaf': 15, 'min_samples_split': 14}",0.7450980392156863,0.6336633663366337,0.68938070277616,0.05571733643952631,61
238,0.0014891624450683594,0.0005064010620117188,0.0010042190551757812,6.9141387939453125e-06,entropy,10,15,15,"{'criterion': 'entropy', 'max_depth': 10, 'min_samples_leaf': 15, 'min_samples_split': 15}",0.7450980392156863,0.6336633663366337,0.68938070277616,0.05571733643952631,61
239,0.0014963150024414062,0.0004980564117431641,0.0009969472885131836,1.1920928955078125e-07,entropy,10,15,20,"{'criterion': 'entropy', 'max_depth': 10, 'min_samples_leaf': 15, 'min_samples_split': 20}",0.7450980392156863,0.6336633663366337,0.68938070277616,0.05571733643952631,61
240,0.0014961957931518555,0.0004988908767700195,0.000997304916381836,2.384185791015625e-07,entropy,10,20,6,"{'criterion': 'entropy', 'max_depth': 10, 'min_samples_leaf': 20, 'min_samples_split': 6}",0.7156862745098039,0.6336633663366337,0.6746748204232188,0.04101145408658513,156
241,0.0014958381652832031,0.0004985332489013672,0.000498652458190918,0.000498652458190918,entropy,10,20,10,"{'criterion': 'entropy', 'max_depth': 10, 'min_samples_leaf': 20, 'min_samples_split': 10}",0.7156862745098039,0.6336633663366337,0.6746748204232188,0.04101145408658513,156
242,0.001495957374572754,0.0004981756210327148,0.0004991292953491211,0.0004991292953491211,entropy,10,20,14,"{'criterion': 'entropy', 'max_depth': 10, 'min_samples_leaf': 20, 'min_samples_split': 14}",0.7156862745098039,0.6336633663366337,0.6746748204232188,0.04101145408658513,156
243,0.00150299072265625,0.0004909038543701172,0.0004858970642089844,0.0004858970642089844,entropy,10,20,15,"{'criterion': 'entropy', 'max_depth': 10, 'min_samples_leaf': 20, 'min_samples_split': 15}",0.7156862745098039,0.6336633663366337,0.6746748204232188,0.04101145408658513,156
244,0.0009970664978027344,2.384185791015625e-07,0.000997304916381836,0.0,entropy,10,20,20,"{'criterion': 'entropy', 'max_depth': 10, 'min_samples_leaf': 20, 'min_samples_split': 20}",0.7156862745098039,0.6336633663366337,0.6746748204232188,0.04101145408658513,156
245,0.0009971857070922852,1.1920928955078125e-07,0.0009974241256713867,1.1920928955078125e-07,entropy,10,25,6,"{'criterion': 'entropy', 'max_depth': 10, 'min_samples_leaf': 25, 'min_samples_split': 6}",0.7156862745098039,0.6336633663366337,0.6746748204232188,0.04101145408658513,156
246,0.0014954805374145508,0.0004988908767700195,0.000997781753540039,4.76837158203125e-07,entropy,10,25,10,"{'criterion': 'entropy', 'max_depth': 10, 'min_samples_leaf': 25, 'min_samples_split': 10}",0.7156862745098039,0.6336633663366337,0.6746748204232188,0.04101145408658513,156
247,0.0019953250885009766,1.9073486328125e-06,0.0004982948303222656,0.0004982948303222656,entropy,10,25,14,"{'criterion': 'entropy', 'max_depth': 10, 'min_samples_leaf': 25, 'min_samples_split': 14}",0.7156862745098039,0.6336633663366337,0.6746748204232188,0.04101145408658513,156
248,0.0014948844909667969,0.0004987716674804688,0.0009979009628295898,5.960464477539062e-07,entropy,10,25,15,"{'criterion': 'entropy', 'max_depth': 10, 'min_samples_leaf': 25, 'min_samples_split': 15}",0.7156862745098039,0.6336633663366337,0.6746748204232188,0.04101145408658513,156
249,0.0009975433349609375,4.76837158203125e-07,0.0009970664978027344,4.76837158203125e-07,entropy,10,25,20,"{'criterion': 'entropy', 'max_depth': 10, 'min_samples_leaf': 25, 'min_samples_split': 20}",0.7156862745098039,0.6336633663366337,0.6746748204232188,0.04101145408658513,156
250,0.0009961128234863281,9.5367431640625e-07,0.0009974241256713867,1.0728836059570312e-06,entropy,14,7,6,"{'criterion': 'entropy', 'max_depth': 14, 'min_samples_leaf': 7, 'min_samples_split': 6}",0.7352941176470589,0.7029702970297029,0.7191322073383809,0.016161910308677974,48
251,0.0014954805374145508,0.0004988908767700195,0.000997781753540039,0.0,entropy,14,7,10,"{'criterion': 'entropy', 'max_depth': 14, 'min_samples_leaf': 7, 'min_samples_split': 10}",0.7352941176470589,0.7029702970297029,0.7191322073383809,0.016161910308677974,48
252,0.001494765281677246,0.0005000829696655273,0.0009986162185668945,1.0728836059570312e-06,entropy,14,7,14,"{'criterion': 'entropy', 'max_depth': 14, 'min_samples_leaf': 7, 'min_samples_split': 14}",0.7352941176470589,0.7326732673267327,0.7339836924868958,0.001310425160163109,36
253,0.001495957374572754,0.000498652458190918,0.000498652458190918,0.000498652458190918,entropy,14,7,15,"{'criterion': 'entropy', 'max_depth': 14, 'min_samples_leaf': 7, 'min_samples_split': 15}",0.7352941176470589,0.7029702970297029,0.7191322073383809,0.016161910308677974,48
254,0.001499176025390625,0.0004963874816894531,0.0005085468292236328,0.0005085468292236328,entropy,14,7,20,"{'criterion': 'entropy', 'max_depth': 14, 'min_samples_leaf': 7, 'min_samples_split': 20}",0.7450980392156863,0.7227722772277227,0.7339351582217045,0.011162880993981772,43
255,0.0014835596084594727,0.00048601627349853516,0.0009993314743041992,2.2649765014648438e-06,entropy,14,11,6,"{'criterion': 'entropy', 'max_depth': 14, 'min_samples_leaf': 11, 'min_samples_split': 6}",0.7450980392156863,0.5742574257425742,0.6596777324791303,0.08542030673655604,276
256,0.000995039939880371,2.2649765014648438e-06,0.0009979009628295898,5.960464477539062e-07,entropy,14,11,10,"{'criterion': 'entropy', 'max_depth': 14, 'min_samples_leaf': 11, 'min_samples_split': 10}",0.7450980392156863,0.5742574257425742,0.6596777324791303,0.08542030673655604,276
257,0.0009996891021728516,2.384185791015625e-06,0.000998854637145996,1.3113021850585938e-06,entropy,14,11,14,"{'criterion': 'entropy', 'max_depth': 14, 'min_samples_leaf': 11, 'min_samples_split': 14}",0.7450980392156863,0.5742574257425742,0.6596777324791303,0.08542030673655604,276
258,0.000997304916381836,0.0,0.0009976625442504883,1.1920928955078125e-07,entropy,14,11,15,"{'criterion': 'entropy', 'max_depth': 14, 'min_samples_leaf': 11, 'min_samples_split': 15}",0.7450980392156863,0.5742574257425742,0.6596777324791303,0.08542030673655604,276
259,0.002003312110900879,8.463859558105469e-06,0.0009887218475341797,8.58306884765625e-06,entropy,14,11,20,"{'criterion': 'entropy', 'max_depth': 14, 'min_samples_leaf': 11, 'min_samples_split': 20}",0.7450980392156863,0.5742574257425742,0.6596777324791303,0.08542030673655604,276
260,0.0009971857070922852,1.1920928955078125e-07,0.0014960765838623047,0.0004985332489013672,entropy,14,15,6,"{'criterion': 'entropy', 'max_depth': 14, 'min_samples_leaf': 15, 'min_samples_split': 6}",0.7450980392156863,0.6336633663366337,0.68938070277616,0.05571733643952631,61
261,0.0014961957931518555,0.000498652458190918,0.0004987716674804688,0.0004987716674804688,entropy,14,15,10,"{'criterion': 'entropy', 'max_depth': 14, 'min_samples_leaf': 15, 'min_samples_split': 10}",0.7450980392156863,0.6336633663366337,0.68938070277616,0.05571733643952631,61
262,0.0014954805374145508,0.0004984140396118164,0.000997304916381836,2.384185791015625e-07,entropy,14,15,14,"{'criterion': 'entropy', 'max_depth': 14, 'min_samples_leaf': 15, 'min_samples_split': 14}",0.7450980392156863,0.6336633663366337,0.68938070277616,0.05571733643952631,61
263,0.0014957189559936523,0.0004981756210327148,0.0009979009628295898,1.1920928955078125e-07,entropy,14,15,15,"{'criterion': 'entropy', 'max_depth': 14, 'min_samples_leaf': 15, 'min_samples_split': 15}",0.7450980392156863,0.6336633663366337,0.68938070277616,0.05571733643952631,61
264,0.0014955997467041016,0.0004987716674804688,0.0004988908767700195,0.0004988908767700195,entropy,14,15,20,"{'criterion': 'entropy', 'max_depth': 14, 'min_samples_leaf': 15, 'min_samples_split': 20}",0.7450980392156863,0.6336633663366337,0.68938070277616,0.05571733643952631,61
265,0.000997304916381836,2.384185791015625e-07,0.0009971857070922852,1.1920928955078125e-07,entropy,14,20,6,"{'criterion': 'entropy', 'max_depth': 14, 'min_samples_leaf': 20, 'min_samples_split': 6}",0.7156862745098039,0.6336633663366337,0.6746748204232188,0.04101145408658513,156
266,0.0009864568710327148,1.0848045349121094e-05,0.001008152961730957,1.0609626770019531e-05,entropy,14,20,10,"{'criterion': 'entropy', 'max_depth': 14, 'min_samples_leaf': 20, 'min_samples_split': 10}",0.7156862745098039,0.6336633663366337,0.6746748204232188,0.04101145408658513,156
267,0.0009975433349609375,0.0,0.000997304916381836,0.0,entropy,14,20,14,"{'criterion': 'entropy', 'max_depth': 14, 'min_samples_leaf': 20, 'min_samples_split': 14}",0.7156862745098039,0.6336633663366337,0.6746748204232188,0.04101145408658513,156
268,0.0009974241256713867,1.1920928955078125e-07,0.0009976625442504883,8.344650268554688e-07,entropy,14,20,15,"{'criterion': 'entropy', 'max_depth': 14, 'min_samples_leaf': 20, 'min_samples_split': 15}",0.7156862745098039,0.6336633663366337,0.6746748204232188,0.04101145408658513,156
269,0.001994490623474121,5.960464477539062e-07,0.0009968280792236328,0.0,entropy,14,20,20,"{'criterion': 'entropy', 'max_depth': 14, 'min_samples_leaf': 20, 'min_samples_split': 20}",0.7156862745098039,0.6336633663366337,0.6746748204232188,0.04101145408658513,156
270,0.001995682716369629,3.5762786865234375e-07,0.0009963512420654297,7.152557373046875e-07,entropy,14,25,6,"{'criterion': 'entropy', 'max_depth': 14, 'min_samples_leaf': 25, 'min_samples_split': 6}",0.7156862745098039,0.6336633663366337,0.6746748204232188,0.04101145408658513,156
271,0.001497507095336914,0.0004999637603759766,0.0009964704513549805,5.960464477539062e-07,entropy,14,25,10,"{'criterion': 'entropy', 'max_depth': 14, 'min_samples_leaf': 25, 'min_samples_split': 10}",0.7156862745098039,0.6336633663366337,0.6746748204232188,0.04101145408658513,156
272,0.0014958381652832031,0.0004990100860595703,0.0009979009628295898,5.960464477539062e-07,entropy,14,25,14,"{'criterion': 'entropy', 'max_depth': 14, 'min_samples_leaf': 25, 'min_samples_split': 14}",0.7156862745098039,0.6336633663366337,0.6746748204232188,0.04101145408658513,156
273,0.001995682716369629,8.344650268554688e-07,0.0009965896606445312,7.152557373046875e-07,entropy,14,25,15,"{'criterion': 'entropy', 'max_depth': 14, 'min_samples_leaf': 25, 'min_samples_split': 15}",0.7156862745098039,0.6336633663366337,0.6746748204232188,0.04101145408658513,156
274,0.0019960403442382812,7.152557373046875e-07,0.000997781753540039,1.6689300537109375e-06,entropy,14,25,20,"{'criterion': 'entropy', 'max_depth': 14, 'min_samples_leaf': 25, 'min_samples_split': 20}",0.7156862745098039,0.6336633663366337,0.6746748204232188,0.04101145408658513,156
275,0.0014938116073608398,0.0004967451095581055,0.001497030258178711,0.000499725341796875,entropy,15,7,6,"{'criterion': 'entropy', 'max_depth': 15, 'min_samples_leaf': 7, 'min_samples_split': 6}",0.7352941176470589,0.7326732673267327,0.7339836924868958,0.001310425160163109,36
276,0.0014950037002563477,0.0004979372024536133,0.0009974241256713867,1.1920928955078125e-07,entropy,15,7,10,"{'criterion': 'entropy', 'max_depth': 15, 'min_samples_leaf': 7, 'min_samples_split': 10}",0.7352941176470589,0.7029702970297029,0.7191322073383809,0.016161910308677974,48
277,0.000998377799987793,1.3113021850585938e-06,0.000996708869934082,5.960464477539062e-07,entropy,15,7,14,"{'criterion': 'entropy', 'max_depth': 15, 'min_samples_leaf': 7, 'min_samples_split': 14}",0.7352941176470589,0.7326732673267327,0.7339836924868958,0.001310425160163109,36
278,0.0014957189559936523,0.0004981756210327148,0.0014961957931518555,0.0004993677139282227,entropy,15,7,15,"{'criterion': 'entropy', 'max_depth': 15, 'min_samples_leaf': 7, 'min_samples_split': 15}",0.7352941176470589,0.7029702970297029,0.7191322073383809,0.016161910308677974,48
279,0.001993894577026367,1.430511474609375e-06,0.0009984970092773438,7.152557373046875e-07,entropy,15,7,20,"{'criterion': 'entropy', 'max_depth': 15, 'min_samples_leaf': 7, 'min_samples_split': 20}",0.7450980392156863,0.7227722772277227,0.7339351582217045,0.011162880993981772,43
280,0.0019949674606323242,5.960464477539062e-07,0.000996708869934082,1.5497207641601562e-06,entropy,15,11,6,"{'criterion': 'entropy', 'max_depth': 15, 'min_samples_leaf': 11, 'min_samples_split': 6}",0.7450980392156863,0.5742574257425742,0.6596777324791303,0.08542030673655604,276
281,0.001995563507080078,0.0009984970092773438,0.0009970664978027344,4.76837158203125e-07,entropy,15,11,10,"{'criterion': 'entropy', 'max_depth': 15, 'min_samples_leaf': 11, 'min_samples_split': 10}",0.7450980392156863,0.5742574257425742,0.6596777324791303,0.08542030673655604,276
282,0.0019949674606323242,8.344650268554688e-07,0.0009969472885131836,5.960464477539062e-07,entropy,15,11,14,"{'criterion': 'entropy', 'max_depth': 15, 'min_samples_leaf': 11, 'min_samples_split': 14}",0.7450980392156863,0.5742574257425742,0.6596777324791303,0.08542030673655604,276
283,0.0019941329956054688,0.0,0.0009982585906982422,2.384185791015625e-07,entropy,15,11,15,"{'criterion': 'entropy', 'max_depth': 15, 'min_samples_leaf': 11, 'min_samples_split': 15}",0.7450980392156863,0.5742574257425742,0.6596777324791303,0.08542030673655604,276
284,0.001495361328125,0.0004978179931640625,0.0009971857070922852,3.5762786865234375e-07,entropy,15,11,20,"{'criterion': 'entropy', 'max_depth': 15, 'min_samples_leaf': 11, 'min_samples_split': 20}",0.7450980392156863,0.5742574257425742,0.6596777324791303,0.08542030673655604,276
285,0.0009980201721191406,1.1920928955078125e-06,0.0009959936141967773,1.0728836059570312e-06,entropy,15,15,6,"{'criterion': 'entropy', 'max_depth': 15, 'min_samples_leaf': 15, 'min_samples_split': 6}",0.7450980392156863,0.6336633663366337,0.68938070277616,0.05571733643952631,61
286,0.0014958381652832031,0.0004994869232177734,0.0014963150024414062,0.0004990100860595703,entropy,15,15,10,"{'criterion': 'entropy', 'max_depth': 15, 'min_samples_leaf': 15, 'min_samples_split': 10}",0.7450980392156863,0.6336633663366337,0.68938070277616,0.05571733643952631,61
287,0.0009964704513549805,3.5762786865234375e-07,0.0009981393814086914,1.3113021850585938e-06,entropy,15,15,14,"{'criterion': 'entropy', 'max_depth': 15, 'min_samples_leaf': 15, 'min_samples_split': 14}",0.7450980392156863,0.6336633663366337,0.68938070277616,0.05571733643952631,61
288,0.0014965534210205078,0.0004980564117431641,0.0014950037002563477,0.0004981756210327148,entropy,15,15,15,"{'criterion': 'entropy', 'max_depth': 15, 'min_samples_leaf': 15, 'min_samples_split': 15}",0.7450980392156863,0.6336633663366337,0.68938070277616,0.05571733643952631,61
289,0.0009982585906982422,7.152557373046875e-07,0.0009964704513549805,1.0728836059570312e-06,entropy,15,15,20,"{'criterion': 'entropy', 'max_depth': 15, 'min_samples_leaf': 15, 'min_samples_split': 20}",0.7450980392156863,0.6336633663366337,0.68938070277616,0.05571733643952631,61
290,0.0009971857070922852,8.344650268554688e-07,0.0009975433349609375,0.0,entropy,15,20,6,"{'criterion': 'entropy', 'max_depth': 15, 'min_samples_leaf': 20, 'min_samples_split': 6}",0.7156862745098039,0.6336633663366337,0.6746748204232188,0.04101145408658513,156
291,0.000996232032775879,8.344650268554688e-07,0.0009971857070922852,5.960464477539062e-07,entropy,15,20,10,"{'criterion': 'entropy', 'max_depth': 15, 'min_samples_leaf': 20, 'min_samples_split': 10}",0.7156862745098039,0.6336633663366337,0.6746748204232188,0.04101145408658513,156
292,0.0014963150024414062,0.000499725341796875,0.0009970664978027344,4.76837158203125e-07,entropy,15,20,14,"{'criterion': 'entropy', 'max_depth': 15, 'min_samples_leaf': 20, 'min_samples_split': 14}",0.7156862745098039,0.6336633663366337,0.6746748204232188,0.04101145408658513,156
293,0.0014941692352294922,0.0004966259002685547,0.0009989738464355469,1.430511474609375e-06,entropy,15,20,15,"{'criterion': 'entropy', 'max_depth': 15, 'min_samples_leaf': 20, 'min_samples_split': 15}",0.7156862745098039,0.6336633663366337,0.6746748204232188,0.04101145408658513,156
294,0.0009968280792236328,2.384185791015625e-07,0.0009971857070922852,1.1920928955078125e-07,entropy,15,20,20,"{'criterion': 'entropy', 'max_depth': 15, 'min_samples_leaf': 20, 'min_samples_split': 20}",0.7156862745098039,0.6336633663366337,0.6746748204232188,0.04101145408658513,156
295,0.000997304916381836,0.0,0.000997781753540039,2.384185791015625e-07,entropy,15,25,6,"{'criterion': 'entropy', 'max_depth': 15, 'min_samples_leaf': 25, 'min_samples_split': 6}",0.7156862745098039,0.6336633663366337,0.6746748204232188,0.04101145408658513,156
296,0.0014955997467041016,0.0004987716674804688,0.000997304916381836,2.384185791015625e-07,entropy,15,25,10,"{'criterion': 'entropy', 'max_depth': 15, 'min_samples_leaf': 25, 'min_samples_split': 10}",0.7156862745098039,0.6336633663366337,0.6746748204232188,0.04101145408658513,156
297,0.0014965534210205078,0.0005004405975341797,0.000996708869934082,1.1920928955078125e-07,entropy,15,25,14,"{'criterion': 'entropy', 'max_depth': 15, 'min_samples_leaf': 25, 'min_samples_split': 14}",0.7156862745098039,0.6336633663366337,0.6746748204232188,0.04101145408658513,156
298,0.0014950037002563477,0.0004976987838745117,0.0014972686767578125,0.0004999637603759766,entropy,15,25,15,"{'criterion': 'entropy', 'max_depth': 15, 'min_samples_leaf': 25, 'min_samples_split': 15}",0.7156862745098039,0.6336633663366337,0.6746748204232188,0.04101145408658513,156
299,0.0009980201721191406,4.76837158203125e-07,0.0009964704513549805,3.5762786865234375e-07,entropy,15,25,20,"{'criterion': 'entropy', 'max_depth': 15, 'min_samples_leaf': 25, 'min_samples_split': 20}",0.7156862745098039,0.6336633663366337,0.6746748204232188,0.04101145408658513,156
